team,elo
Spain,2340.3
Argentina,2244.4
England,2198.8
France,2157.5
Portugal,2112.6
Brazil,2075.2
Colombia,2065.6
Netherlands,2037.9
Switzerland,2034.5
Belgium,2016.3
Morocco,2006.4
Italy,1971.3
Germany,1959.6
Japan,1956.9
Mexico,1950.9
Norway,1945.8
Uruguay,1934.2
Ecuador,1919.1
Denmark,1911.9
Croatia,1908.1
Austria,1895.4
Paraguay,1891.1
Australia,1873.8
United States,1867.2
Greece,1865.2
Senegal,1861.0
Yugoslavia,1851.2
Iran,1850.9
Russia,1838.8
Sweden,1838.4
Algeria,1837.7
Canada,1836.8
Nigeria,1832.3
Ivory Coast,1825.8
South Korea,1825.7
Egypt,1820.6
Venezuela,1816.8
Turkey,1814.1
Chile,1809.8
Jersey,1805.5
Czechoslovakia,1798.3
Basque Country,1788.1
Ukraine,1776.9
Hungary,1773.9
Slovenia,1773.3
DR Congo,1770.4
Scotland,1768.7
Panama,1756.5
Serbia,1755.9
Northern Cyprus,1755.8
Republic of Ireland,1755.1
Peru,1751.0
Guernsey,1746.3
Kosovo,1743.5
Poland,1738.5
Uzbekistan,1733.2
Bosnia and Herzegovina,1732.9
German DR,1732.6
Mali,1730.5
Cameroon,1730.3
Wales,1729.6
Saudi Arabia,1727.2
Slovakia,1725.8
Czech Republic,1721.2
Northern Ireland,1718.3
South Africa,1717.7
Costa Rica,1715.5
Isle of Man,1709.4
Haiti,1700.7
Jordan,1698.9
Georgia,1684.4
Occitania,1684.2
New Zealand,1674.3
Bolivia,1673.4
Jamaica,1671.1
Israel,1667.7
United Arab Emirates,1665.3
Honduras,1664.7
Padania,1660.6
Isle of Wight,1660.5
Guatemala,1658.8
Cape Verde,1656.3
Albania,1653.1
Catalonia,1649.8
Iceland,1647.1
Iraqi Kurdistan,1644.2
Iraq,1643.5
Ynys Môn,1640.3
Burkina Faso,1637.7
Curaçao,1636.7
Tunisia,1632.3
Ghana,1628.9
Abkhazia,1627.9
Romania,1616.1
Angola,1611.5
Kárpátalja,1607.6
Palestine,1606.2
Suriname,1594.6
Kernow,1592.9
Rhodes,1591.9
County of Nice,1590.8
Belarus,1590.2
Andalusia,1589.5
Syria,1587.6
Panjab,1585.3
Réunion,1584.8
Finland,1582.7
Tamil Eelam,1580.6
North Macedonia,1580.1
Qatar,1578.0
Ellan Vannin,1569.4
Oman,1568.9
Kurdistan,1567.6
Menorca,1566.3
Guinea,1565.2
Gambia,1563.4
Artsakh,1556.1
Zambia,1555.9
Corsica,1553.5
Yorkshire,1553.2
Montenegro,1552.9
Chameria,1551.9
Uganda,1548.2
Benin,1547.9
Quebec,1546.4
Arameans Suryoye,1545.5
Cascadia,1545.2
Vietnam,1537.9
Thailand,1537.3
Zanzibar,1532.5
Maule Sur,1528.3
Gabon,1525.7
New Caledonia,1525.6
Galicia,1525.4
Guyana,1522.2
Asturias,1520.5
Western Armenia,1518.3
Dominican Republic,1518.3
Surrey,1516.2
Biafra,1514.8
Elba Island,1514.3
Parishes of Jersey,1513.9
Canary Islands,1511.8
Donetsk PR,1511.8
Mozambique,1510.9
Libya,1508.9
Mapuche,1508.5
Crimea,1507.6
Tahiti,1507.6
Felvidék,1507.3
Silesia,1506.5
Bulgaria,1506.5
Shetland,1503.4
Brittany,1502.9
United Koreans in Japan,1501.7
Délvidék,1500.2
Central Spain,1495.3
Saugeais,1494.7
Greenland,1493.6
North Korea,1491.4
Cilento,1490.5
Madagascar,1490.1
Madrid,1489.4
Luhansk PR,1489.2
Togo,1487.9
North Vietnam,1487.6
Malaysia,1487.2
Trinidad and Tobago,1487.0
Seborga,1486.4
China,1485.0
Zimbabwe,1484.5
Sealand,1483.7
Székely Land,1483.6
Yoruba Nation,1483.5
Matabeleland,1482.8
Comoros,1481.4
Sápmi,1481.2
Republic of St. Pauli,1481.1
Estonia,1480.6
Rwanda,1479.7
Martinique,1479.1
Franconia,1478.1
Somaliland,1476.6
South Ossetia,1475.9
Ryūkyū,1474.4
West Papua,1474.3
Åland Islands,1474.1
El Salvador,1471.4
Vanuatu,1469.8
South Yemen,1469.2
Gozo,1467.8
Rouet-Provence,1465.4
Bahrain,1465.0
Equatorial Guinea,1464.6
Indonesia,1464.5
Romani people,1463.3
East Turkestan,1463.2
Aymara,1463.2
Niger,1462.3
Hmong,1459.8
Provence,1459.4
Mayotte,1457.5
Kenya,1457.0
Sudan,1456.8
Kabylia,1455.8
Saint Vincent and the Grenadines,1454.9
Mauritania,1453.6
Fiji,1452.8
French Guiana,1452.4
Papua New Guinea,1451.7
Chechnya,1451.3
Saarland,1448.2
Guinea-Bissau,1445.4
Monaco,1445.2
Kyrgyzstan,1445.1
Gotland,1444.6
Kazakhstan,1443.1
Faroe Islands,1442.0
Kuwait,1441.8
Malawi,1436.7
Burundi,1436.6
Western Isles,1436.2
Lebanon,1433.8
Solomon Islands,1433.4
Namibia,1431.2
Manchukuo,1430.4
Găgăuzia,1429.9
Sierra Leone,1429.5
Niue,1427.3
Tajikistan,1426.6
Cuba,1425.7
Palau,1421.9
Nicaragua,1421.2
Canton Ticino,1421.0
Saint Barthélemy,1418.6
Marshall Islands,1417.6
Guadeloupe,1417.5
Two Sicilies,1416.8
Vatican City,1410.0
Botswana,1408.3
Luxembourg,1403.3
Cyprus,1403.2
Liberia,1402.3
Armenia,1402.2
Western Sahara,1400.0
Tanzania,1397.8
Western Australia,1397.6
Orkney,1397.4
Azerbaijan,1395.0
Ethiopia,1394.6
Ambazonia,1389.1
Turkmenistan,1387.4
Lesotho,1384.1
Puerto Rico,1379.0
Raetia,1370.4
Vietnam Republic,1365.9
Yemen DPR,1363.1
Chagos Islands,1359.3
Barawa,1358.8
Malta,1354.5
Central African Republic,1348.7
Saint Helena,1348.6
Congo,1345.6
Moldova,1345.0
Hitra,1343.6
Saare County,1341.0
Hong Kong,1336.0
Lithuania,1332.6
Yemen,1331.8
Micronesia,1328.4
Sark,1327.7
Saint Kitts and Nevis,1327.5
Saint Martin,1324.4
Saint Lucia,1318.0
Singapore,1306.2
Montserrat,1300.8
Philippines,1300.1
Wallis Islands and Futuna,1297.4
Latvia,1287.5
Saint Pierre and Miquelon,1285.5
Eswatini,1279.3
Darfur,1275.5
India,1273.5
Tibet,1267.6
Eritrea,1267.2
Barbados,1261.3
Samoa,1255.3
South Sudan,1248.9
Bermuda,1247.8
Belize,1247.8
Sint Maarten,1241.6
Kiribati,1234.4
Chad,1227.2
Tuvalu,1223.0
Aruba,1222.0
Falkland Islands,1214.6
Grenada,1212.0
Frøya,1194.5
Mauritius,1190.9
Afghanistan,1188.2
Cook Islands,1187.3
São Tomé and Príncipe,1180.3
Gibraltar,1173.0
Myanmar,1172.3
Bonaire,1160.6
Antigua and Barbuda,1149.8
Dominica,1134.9
Pakistan,1132.4
Andorra,1129.3
Nepal,1126.7
Bangladesh,1116.4
Tonga,1102.1
Djibouti,1100.1
Taiwan,1099.8
Cambodia,1090.7
Alderney,1077.0
Somalia,1073.2
Cayman Islands,1063.4
Sri Lanka,1054.8
United States Virgin Islands,1027.8
Turks and Caicos Islands,1021.4
Mongolia,1020.2
Maldives,1013.6
Guam,1000.2
Seychelles,996.0
Northern Mariana Islands,995.6
Liechtenstein,978.8
American Samoa,965.3
Bahamas,964.4
British Virgin Islands,961.7
Laos,942.9
San Marino,929.8
Timor-Leste,907.7
Macau,889.0
Brunei,887.0
Anguilla,886.8
Bhutan,866.0
